<?xml version="1.0" encoding="UTF-8"?>
<jcr:root xmlns:sling="http://sling.apache.org/jcr/sling/1.0" xmlns:cq="http://www.day.com/jcr/cq/1.0" xmlns:jcr="http://www.jcp.org/jcr/1.0" xmlns:nt="http://www.jcp.org/jcr/nt/1.0"
    jcr:primaryType="cq:Page">
    <jcr:content
        cq:lastModified="{Date}2020-05-26T12:20:20.577-07:00"
        cq:lastModifiedBy="admin"
        cq:template="/conf/wknd-spa-react/settings/wcm/templates/spa-page-template"
        jcr:primaryType="cq:PageContent"
        jcr:title="WKND SPA React Home Page"
        sling:resourceType="wknd-spa-react/components/page">
        <root
            jcr:primaryType="nt:unstructured"
            sling:resourceType="wcm/foundation/components/responsivegrid">
            <responsivegrid
                jcr:primaryType="nt:unstructured"
                sling:resourceType="wcm/foundation/components/responsivegrid">
                <text
                    jcr:lastModified="{Date}2020-05-26T12:11:36.991-07:00"
                    jcr:lastModifiedBy="admin"
                    jcr:primaryType="nt:unstructured"
                    sling:resourceType="wknd-spa-react/components/text"
                    text="&lt;h1 style=&quot;text-align: center;&quot;>&lt;u>What are you doing this WKND?&lt;/u>&lt;/h1>&#xd;&#xa;&lt;div>&lt;u>&amp;nbsp;&lt;/u>&lt;/div>&#xd;&#xa;"
                    textIsRich="true">
                    <cq:responsive jcr:primaryType="nt:unstructured"/>
                </text>
                <image
                    jcr:created="{Date}2020-05-26T12:11:54.934-07:00"
                    jcr:createdBy="admin"
                    jcr:lastModified="{Date}2020-05-26T12:11:54.934-07:00"
                    jcr:lastModifiedBy="admin"
                    jcr:primaryType="nt:unstructured"
                    sling:resourceType="wknd-spa-react/components/image"
                    fileReference="/content/dam/wknd/en/magazine/skitouring/Skitouring6Sjoeberg.JPG">
                    <cq:responsive jcr:primaryType="nt:unstructured">
                        <default
                            jcr:primaryType="nt:unstructured"
                            offset="0"
                            width="4"/>
                        <tablet
                            jcr:primaryType="nt:unstructured"
                            offset="0"
                            width="12"/>
                        <phone
                            jcr:primaryType="nt:unstructured"
                            offset="0"
                            width="12"/>
                    </cq:responsive>
                </image>
                <image_copy
                    jcr:created="{Date}2020-05-26T12:11:54.934-07:00"
                    jcr:createdBy="admin"
                    jcr:lastModified="{Date}2020-05-26T12:14:36.166-07:00"
                    jcr:lastModifiedBy="admin"
                    jcr:primaryType="nt:unstructured"
                    sling:resourceType="wknd-spa-react/components/image"
                    fileReference="/content/dam/wknd/en/adventures/ski-touring-mont-blanc/AdobeStock_291339093.jpeg">
                    <cq:responsive jcr:primaryType="nt:unstructured">
                        <default
                            jcr:primaryType="nt:unstructured"
                            offset="0"
                            width="4"/>
                        <tablet
                            jcr:primaryType="nt:unstructured"
                            offset="0"
                            width="12"/>
                        <phone
                            jcr:primaryType="nt:unstructured"
                            offset="0"
                            width="12"/>
                    </cq:responsive>
                </image_copy>
                <image_copy_2085837168
                    jcr:created="{Date}2020-05-26T12:11:54.934-07:00"
                    jcr:createdBy="admin"
                    jcr:lastModified="{Date}2020-05-26T12:14:46.325-07:00"
                    jcr:lastModifiedBy="admin"
                    jcr:primaryType="nt:unstructured"
                    sling:resourceType="wknd-spa-react/components/image"
                    fileReference="/content/dam/wknd/en/activities/cycling/forest-trail.jpg">
                    <cq:responsive jcr:primaryType="nt:unstructured">
                        <default
                            jcr:primaryType="nt:unstructured"
                            offset="0"
                            width="4"/>
                        <tablet
                            jcr:primaryType="nt:unstructured"
                            offset="0"
                            width="12"/>
                        <phone
                            jcr:primaryType="nt:unstructured"
                            offset="0"
                            width="12"/>
                    </cq:responsive>
                </image_copy_2085837168>
                <text_1887560153
                    jcr:created="{Date}2020-05-26T12:20:04.888-07:00"
                    jcr:createdBy="admin"
                    jcr:lastModified="{Date}2020-05-26T12:20:20.574-07:00"
                    jcr:lastModifiedBy="admin"
                    jcr:primaryType="nt:unstructured"
                    sling:resourceType="wknd-spa-react/components/text"
                    text="&lt;p>Check out some of the great adventures above!&lt;/p>&#xd;&#xa;"
                    textIsRich="true"/>
            </responsivegrid>
        </root>
    </jcr:content>
</jcr:root>
